period,561311,561320,561312,561330,year,quarter,561311_seasonal,561311_sa,561320_seasonal,561320_sa,561312_seasonal,561312_sa,561330_seasonal,561330_sa
2005 Q1,38025,312599,1859,46610,2005,1,0.9797355882535059,38811.49205550861,1.0077751484243231,310187.24810663855,0.9893593672669919,1878.9936816743393,0.9716592865710382,47969.48955686468
2005 Q2,38976,326140,1914,45059,2005,2,0.9714504081905114,40121.45105029016,0.9739737239573932,334855.02943020576,0.9908513186729263,1931.67225387909,0.9815977415102267,45903.732348319136
2005 Q3,37732,339076,2308,46857,2005,3,1.0030357259860032,37617.80265893194,0.9916502498592308,341931.038738843,0.9968855981484944,2315.2104958549157,1.0016095532556712,46781.70235866277
2005 Q4,39793,357370,2326,47779,2005,4,1.045778277569979,38051.086787215485,1.0266008777590525,348109.96926098113,1.0229037159115872,2273.9188095793793,1.0451334186630639,45715.69442408507
2006 Q1,38498,347489,2259,39435,2006,1,0.9797355882535059,39294.27537548903,1.0077751484243231,344808.06610810565,0.9893593672669919,2283.2957110824814,0.9716592865710382,40585.213917076995
2006 Q2,40741,348222,2366,39643,2006,2,0.9714504081905114,41938.32197351887,0.9739737239573932,357527.09897051915,0.9908513186729263,2387.8456388076943,0.9815977415102267,40386.19724104875
2006 Q3,42801,356783,2561,40728,2006,3,1.0030357259860032,42671.461136567,0.9916502498592308,359787.132661588,0.9968855981484944,2569.000901163102,1.0016095532556712,40662.55145791701
2006 Q4,44868,362346,2667,42109,2006,4,1.045778277569979,42903.93189678548,1.0266008777590525,352957.0331080938,1.0229037159115872,2607.2835189803113,1.0451334186630639,40290.54974996962
2007 Q1,43252,319490,1348,65163,2007,1,0.9797355882535059,44146.6049805354,1.0077751484243231,317025.0829260169,0.9893593672669919,1362.497839105438,0.9716592865710382,67063.63115198398
2007 Q2,42478,314364,1354,66511,2007,2,0.9714504081905114,43726.370015245935,0.9739737239573932,322764.35417856503,0.9908513186729263,1366.5016884808192,0.9815977415102267,67757.89836035097
2007 Q3,44453,312500,1651,66907,2007,3,1.0030357259860032,44318.46129538592,0.9916502498592308,315131.26734386524,0.9968855981484944,1656.157941358954,1.0016095532556712,66799.482675183
2007 Q4,45719,315839,1657,70939,2007,4,1.045778277569979,43717.67991417347,1.0266008777590525,307655.10418171366,1.0229037159115872,1619.8983093177262,1.0451334186630639,67875.54462735032
2008 Q1,46784,292210,2108,64605,2008,1,0.9797355882535059,47751.659285336355,1.0077751484243231,289955.5525425252,0.9893593672669919,2130.6716949809074,0.9716592865710382,66489.35577818585
2008 Q2,44518,280692,2079,60759,2008,2,0.9714504081905114,45826.3228103658,0.9739737239573932,288192.5796309049,0.9908513186729263,2098.1957240410807,0.9815977415102267,61898.06417700176
2008 Q3,45793,278256,2236,61485,2008,3,1.0030357259860032,45654.40573413735,0.9916502498592308,280598.9309633106,0.9968855981484944,2242.9855583759063,1.0016095532556712,61386.195648939974
2008 Q4,44519,271868,2646,61313,2008,4,1.045778277569979,42570.20914934904,1.0266008777590525,264823.4634217881,1.0229037159115872,2586.7537274922774,1.0451334186630639,58665.23728466331
2009 Q1,37468,244896,2664,56503,2009,1,0.9797355882535059,38242.971317180716,1.0077751484243231,243006.58771244742,0.9893593672669919,2692.6515158582247,0.9716592865710382,58151.04201741096
2009 Q2,35506,221094,2403,55322,2009,2,0.9714504081905114,36549.47252133627,0.9739737239573932,227002.017160857,0.9908513186729263,2425.18726545008,0.9815977415102267,56359.13537747645
2009 Q3,35548,221613,2654,55588,2009,3,1.0030357259860032,35440.412618459464,0.9916502498592308,223478.9937596032,0.9968855981484944,2662.2914454068223,1.0016095532556712,55498.67193190657
2009 Q4,38052,227531,2707,55030,2009,4,1.045778277569979,36386.2979525827,1.0266008777590525,221635.3063097638,1.0229037159115872,2646.387883719424,1.0451334186630639,52653.56462373431
2010 Q1,38252,235950,3133,34262,2010,1,0.9797355882535059,39043.18722175714,1.0077751484243231,234129.60755076428,0.9893593672669919,3166.6956453392713,0.9716592865710382,35261.33128507397
2010 Q2,40342,232819,3364,34953,2010,2,0.9714504081905114,41527.59591212042,0.9739737239573932,239040.32960357843,0.9908513186729263,3395.0603249996125,0.9815977415102267,35608.27263744865
2010 Q3,43173,248962,3627,34777,2010,3,1.0030357259860032,43042.33526433978,0.9916502498592308,251058.2738574828,0.9968855981484944,3638.3312255051037,1.0016095532556712,34721.114517088485
2010 Q4,45672,263112,3559,36826,2010,4,1.045778277569979,43672.737309217846,1.0266008777590525,256294.3454464428,1.0229037159115872,3479.3108526625156,1.0451334186630639,35235.692728214424
2011 Q1,44457,260973,3545,35288,2011,1,0.9797355882535059,45376.52866040095,1.0077751484243231,258959.55105465397,0.9893593672669919,3583.126735629657,0.9716592865710382,36317.25697238019
2011 Q2,46125,258875,3571,38125,2011,2,0.9714504081905114,47480.55033083522,0.9739737239573932,265792.59135262313,0.9908513186729263,3603.9715875664733,0.9815977415102267,38839.73891519268
2011 Q3,48635,266755,3945,39811,2011,3,1.0030357259860032,48487.804312444474,0.9916502498592308,269001.09190500085,0.9968855981484944,3957.324699370729,1.0016095532556712,39747.025046433264
2011 Q4,51931,279492,4184,41142,2011,4,1.045778277569979,49657.75357341461,1.0266008777590525,272249.91333545104,1.0229037159115872,4090.3165517111447,1.0451334186630639,39365.30902688855
2012 Q1,48447,281975,3784,38763,2012,1,0.9797355882535059,49449.056031906,1.0077751484243231,279799.51722452533,0.9893593672669919,3824.6971982010223,0.9716592865710382,39893.61346691151
2012 Q2,50756,285544,3688,39522,2012,2,0.9714504081905114,52247.64905348233,0.9739737239573932,293174.233530443,0.9908513186729263,3722.051866408612,0.9815977415102267,40262.928823770366
2012 Q3,52345,295456,2776,40794,2012,3,1.0030357259860032,52186.575855554765,0.9916502498592308,297943.75591791695,0.9968855981484944,2784.6725894684773,1.0016095532556712,40728.44539811104
2012 Q4,56360,310929,2790,43451,2012,4,1.045778277569979,53892.87692125411,1.0266008777590525,302872.33016858605,1.0229037159115872,2727.5294405530817,1.0451334186630639,41574.59633774086
2013 Q1,51829,308025,2996,41149,2013,1,0.9797355882535059,52901.00780394361,1.0077751484243231,305648.5372571484,0.9893593672669919,3028.222200266983,0.9716592865710382,42349.20673193359
2013 Q2,54528,299468,3394,39826,2013,2,0.9714504081905114,56130.50294720397,0.9739737239573932,307470.30708715535,0.9908513186729263,3425.3373195745203,0.9815977415102267,40572.627987841675
2013 Q3,58583,314060,2729,41154,2013,3,1.0030357259860032,58405.69630998118,0.9916502498592308,316704.4026304458,0.9968855981484944,2737.5257552807907,1.0016095532556712,41087.86689007849
2013 Q4,60198,325022,2699,41646,2013,4,1.045778277569979,57562.87091741758,1.0266008777590525,316600.15790117416,1.0229037159115872,2638.5670107716014,1.0451334186630639,39847.54410903215
2014 Q1,50983,346366,1995,36498,2014,1,0.9797355882535059,52037.50951915833,1.0077751484243231,343693.7302349143,0.9893593672669919,2016.4563716731075,0.9716592865710382,37562.54944961268
2014 Q2,54362,336135,1950,37297,2014,2,0.9714504081905114,55959.62443544422,0.9739737239573932,345117.11325664504,0.9908513186729263,1968.0046473689788,0.9815977415102267,37996.216191998465
2014 Q3,54351,353184,1975,37655,2014,3,1.0030357259860032,54186.50461983489,0.9916502498592308,356157.8288818422,0.9968855981484944,1981.1701600144968,1.0016095532556712,37594.48966676156
2014 Q4,56435,372562,2033,39798,2014,4,1.045778277569979,53964.593844055635,1.0266008777590525,362908.3201382591,1.0229037159115872,1987.4793378653817,1.0451334186630639,38079.348807838964
2015 Q1,48148,384661,2297,33833,2015,1,0.9797355882535059,49143.87164993106,1.0077751484243231,381693.2781101273,0.9893593672669919,2321.7044038762547,0.9716592865710382,34819.81849769154
2015 Q2,47184,359148,2332,38339,2015,2,0.9714504081905114,48570.67288477245,0.9739737239573932,368745.0607401715,0.9908513186729263,2353.5317116227993,0.9815977415102267,39057.75082674288
2015 Q3,49188,382883,2367,39188,2015,3,1.0030357259860032,49039.13063679488,0.9916502498592308,386106.89611014765,0.9968855981484944,2374.3948196224374,1.0016095532556712,39125.026186722935
2015 Q4,51134,399334,2496,39405,2015,4,1.045778277569979,48895.64174044371,1.0266008777590525,388986.614614726,1.0229037159115872,2440.1123597206065,1.0451334186630639,37703.32026164366
2016 Q1,46422,404001,2568,33809,2016,1,0.9797355882535059,47382.17183960081,1.0077751484243231,400884.06687906897,0.9893593672669919,2595.619028800271,0.9716592865710382,34795.118481614205
2016 Q2,45276,384648,2599,35625,2016,2,0.9714504081905114,46606.599388160335,0.9739737239573932,394926.4651998215,0.9908513186729263,2622.996963339475,0.9815977415102267,36292.87078960628
2016 Q3,49554,387147,2583,37328,2016,3,1.0030357259860032,49404.02292379713,0.9916502498592308,390406.79922680126,0.9968855981484944,2591.0696320594657,1.0016095532556712,37268.015144891135
2016 Q4,55546,400860,2564,40673,2016,4,1.045778277569979,53114.5092524482,1.0266008777590525,390473.07350353105,1.0229037159115872,2506.589779777097,1.0451334186630639,38916.56249211604
2017 Q1,48677,393426,3055,37406,2017,1,0.9797355882535059,49683.8132488098,1.0077751484243231,390390.6547161135,0.9893593672669919,3087.8567496046835,0.9716592865710382,38497.033391205325
2017 Q2,45803,387615,3040,38202,2017,2,0.9714504081905114,47149.0871935663,0.9739737239573932,397972.7486128325,0.9908513186729263,3068.0687835906133,0.9815977415102267,38918.182453460744
2017 Q3,49431,401390,3087,39295,2017,3,1.0030357259860032,49281.39518800129,0.9916502498592308,404769.726077293,0.9968855981484944,3096.644194412532,1.0016095532556712,39231.85424127993
2017 Q4,50874,418907,3125,42524,2017,4,1.045778277569979,48647.023074731755,1.0266008777590525,408052.44674485776,1.0229037159115872,3055.028495243147,1.0451334186630639,40687.628240226746
2018 Q1,46256,401245,3274,38641,2018,1,0.9797355882535059,47212.73837000937,1.0077751484243231,398149.3298652529,0.9893593672669919,3309.2121107056414,0.9716592865710382,39768.055051851705
2018 Q2,43769,391499,3214,39558,2018,2,0.9714504081905114,45055.31073019679,0.9739737239573932,401960.5358646475,0.9908513186729263,3243.6753521250757,0.9815977415102267,40299.60372477881
2018 Q3,44441,399251,3280,39524,2018,3,1.0030357259860032,44306.49761384486,0.9916502498592308,402612.7155785777,0.9968855981484944,3290.247151821544,1.0016095532556712,39460.486245892556
2018 Q4,44236,413768,3295,40904,2018,4,1.045778277569979,42299.59729397794,1.0266008777590525,403046.60648957,1.0229037159115872,3221.2220453843743,1.0451334186630639,39137.58690476519
2019 Q1,41489,404445,3238,38469,2019,1,0.9797355882535059,42347.139878790185,1.0077751484243231,401324.64134718734,0.9893593672669919,3272.8249280589084,0.9716592865710382,39591.03826996411
2019 Q2,40205,387499,3339,39570,2019,2,0.9714504081905114,41386.56967048738,0.9739737239573932,397853.6488905847,0.9908513186729263,3369.8294961871898,0.9815977415102267,40311.82869178162
2019 Q3,40871,391977,3460,41811,2019,3,1.0030357259860032,40747.30235538024,0.9916502498592308,395277.468094868,0.9968855981484944,3470.8094955190677,1.0016095532556712,41743.81111291907
2019 Q4,41016,396030,3562,45268,2019,4,1.045778277569979,39220.55074169905,1.0266008777590525,385768.2265619004,1.0229037159115872,3482.243680017949,1.0451334186630639,43313.13035411966
2020 Q1,38054,388586,3523,43162,2020,1,0.9797355882535059,38841.09187850953,1.0077751484243231,385587.9960996876,0.9893593672669919,3560.8901240122095,0.9716592865710382,44420.92058042037
2020 Q2,33944,320533,3494,42046,2020,2,0.9714504081905114,34941.567488994486,0.9739737239573932,329098.2006143133,0.9908513186729263,3526.260634824211,0.9815977415102267,42834.2468833624
2020 Q3,32462,306076,3300,45437,2020,3,1.0030357259860032,32363.752515484168,0.9916502498592308,308653.17690733087,0.9968855981484944,3310.309634454602,1.0016095532556712,45363.98425145785
2020 Q4,34682,341474,3430,53570,2020,4,1.045778277569979,33163.81755470076,1.0266008777590525,332625.8601545297,1.0229037159115872,3353.199276378878,1.0451334186630639,51256.61379054056
2021 Q1,37034,366288,3417,54562,2021,1,0.9797355882535059,37799.99465571876,1.0077751484243231,363462.02877963276,0.9893593672669919,3453.750086219052,0.9716592865710382,56153.4282171562
2021 Q2,35939,371812,3433,56247,2021,2,0.9714504081905114,36995.197795986714,0.9739737239573932,381747.46490005415,0.9908513186729263,3464.6974125218994,0.9815977415102267,57301.47658394342
2021 Q3,37068,375828,3444,57865,2021,3,1.0030357259860032,36955.812280326754,0.9916502498592308,378992.4926185926,0.9968855981484944,3454.7595094126214,1.0016095532556712,57772.012868600665
2021 Q4,39528,396921,4051,63074,2021,4,1.045778277569979,37797.686993316755,1.0266008777590525,386636.1393206981,1.0229037159115872,3960.2945389535967,1.0451334186630639,60350.18962524837
2022 Q1,39554,389769,3807,68348,2022,1,0.9797355882535059,40372.117206143,1.0077751484243231,386761.8690631653,0.9893593672669919,3847.9445648919905,0.9716592865710382,70341.52911891411
2022 Q2,40820,399100,3822,67437,2022,2,0.9714504081905114,42019.643674898514,0.9739737239573932,409764.64783711015,0.9908513186729263,3857.2891088431984,0.9815977415102267,68701.25831406817
2022 Q3,42502,398533,3881,68444,2022,3,1.0030357259860032,42373.366071502314,0.9916502498592308,401888.66997872846,0.9968855981484944,3893.1247549449427,1.0016095532556712,68334.01276727735
2022 Q4,43948,399809,4027,69886,2022,4,1.045778277569979,42024.20431042008,1.0266008777590525,389449.3066017394,1.0229037159115872,3936.831920110129,1.0451334186630639,66868.0177593003
2023 Q1,42121,376577,3631,65321,2023,1,0.9797355882535059,42992.21188349975,1.0077751484243231,373671.64747889026,0.9893593672669919,3670.051671952408,0.9716592865710382,67226.23959115979
2023 Q2,41556,348729,3533,63954,2023,2,0.9714504081905114,42777.273702941755,0.9739737239573932,358047.64689448156,0.9908513186729263,3565.6207277715907,0.9815977415102267,65152.96164150119
2023 Q3,40250,336648,3430,66368,2023,3,1.0030357259860032,40128.181835630516,0.9916502498592308,339482.59484408813,0.9968855981484944,3440.7157715694802,1.0016095532556712,66261.34883026508
2023 Q4,40630,340570,3359,67731,2023,4,1.045778277569979,38851.44764568053,1.0266008777590525,331745.2842466137,1.0229037159115872,3283.789028966954,1.0451334186630639,64806.08005688077
2024 Q1,37085,324283,3087,64096,2024,1,0.9797355882535059,37852.0495168583,1.0077751484243231,321781.1041550519,0.9893593672669919,3120.200911957335,0.9716592865710382,65965.50960387896
2024 Q2,35842,320256,3066,63784,2024,2,0.9714504081905114,36895.34709935601,0.9739737239573932,328813.79869135947,0.9908513186729263,3094.308845555533,0.9815977415102267,64979.774608961314
2024 Q3,37378,318319,2928,61726,2024,3,1.0030357259860032,37264.87405347074,0.9916502498592308,320999.26364682184,0.9968855981484944,2937.14745747972,1.0016095532556712,61626.80836995152
2024 Q4,38689,334058,2940,60961,2024,4,1.045778277569979,36995.41368357701,1.0266008777590525,325402.0206267589,1.0229037159115872,2874.1708083247527,1.0451334186630639,58328.43817967413
